[
  {"UEOP": "7º BPM", "MUNICIPIO": "ABAETE"},
  {"UEOP": "60º BPM", "MUNICIPIO": "ARAUJOS"},
  {"UEOP": "63º BPM", "MUNICIPIO": "ARCOS"},
  {"UEOP": "63º BPM", "MUNICIPIO": "BAMBUI"},
  {"UEOP": "7º BPM", "MUNICIPIO": "BIQUINHAS"},
  {"UEOP": "7º BPM", "MUNICIPIO": "BOM DESPACHO"},
  {"UEOP": "63º BPM", "MUNICIPIO": "CAMACHO"},
  {"UEOP": "23º BPM", "MUNICIPIO": "CARMO DO CAJURU"},
  {"UEOP": "7º BPM", "MUNICIPIO": "CEDRO DO ABAETE"},
  {"UEOP": "23º BPM", "MUNICIPIO": "CLAUDIO"},
  {"UEOP": "60º BPM", "MUNICIPIO": "CONCEICAO DO PARA"},
  {"UEOP": "7º BPM", "MUNICIPIO": "CORREGO DANTA"},
  {"UEOP": "63º BPM", "MUNICIPIO": "CORREGO FUNDO"},
  {"UEOP": "23º BPM", "MUNICIPIO": "DIVINOPOLIS"},
  {"UEOP": "7º BPM", "MUNICIPIO": "DORES DO INDAIA"},
  {"UEOP": "7º BPM", "MUNICIPIO": "ESTRELA DO INDAIA"},
  {"UEOP": "63º BPM", "MUNICIPIO": "FORMIGA"},
  {"UEOP": "19ª CIA PM IND", "MUNICIPIO": "IGARATINGA"},
  {"UEOP": "63º BPM", "MUNICIPIO": "IGUATAMA"},
  {"UEOP": "63º BPM", "MUNICIPIO": "ITAPECERICA"},
  {"UEOP": "9ª CIA PM IND", "MUNICIPIO": "ITATIAIUCU"},
  {"UEOP": "9ª CIA PM IND", "MUNICIPIO": "ITAUNA"},
  {"UEOP": "7º BPM", "MUNICIPIO": "JAPARAIBA"},
  {"UEOP": "7º BPM", "MUNICIPIO": "LAGOA DA PRATA"},
  {"UEOP": "60º BPM", "MUNICIPIO": "LEANDRO FERREIRA"},
  {"UEOP": "7º BPM", "MUNICIPIO": "LUZ"},
  {"UEOP": "19ª CIA PM IND", "MUNICIPIO": "MARAVILHAS"},
  {"UEOP": "7º BPM", "MUNICIPIO": "MARTINHO CAMPOS"},
  {"UEOP": "63º BPM", "MUNICIPIO": "MEDEIROS"},
  {"UEOP": "7º BPM", "MUNICIPIO": "MOEMA"},
  {"UEOP": "7º BPM", "MUNICIPIO": "MORADA NOVA DE MINAS"},
  {"UEOP": "60º BPM", "MUNICIPIO": "NOVA SERRANA"},
  {"UEOP": "19ª CIA PM IND", "MUNICIPIO": "ONCA DO PITANGUI"},
  {"UEOP": "7º BPM", "MUNICIPIO": "PAINEIRAS"},
  {"UEOP": "63º BPM", "MUNICIPIO": "PAINS"},
  {"UEOP": "19ª CIA PM IND", "MUNICIPIO": "PAPAGAIOS"},
  {"UEOP": "19ª CIA PM IND", "MUNICIPIO": "PARA DE MINAS"},
  {"UEOP": "7º BPM", "MUNICIPIO": "PEDRA DO INDAIA"},
  {"UEOP": "19ª CIA PM IND", "MUNICIPIO": "PEQUI"},
  {"UEOP": "60º BPM", "MUNICIPIO": "PERDIGAO"},
  {"UEOP": "63º BPM", "MUNICIPIO": "PIMENTA"},
  {"UEOP": "60º BPM", "MUNICIPIO": "PITANGUI"},
  {"UEOP": "7º BPM", "MUNICIPIO": "POMPEU"},
  {"UEOP": "7º BPM", "MUNICIPIO": "QUARTEL GERAL"},
  {"UEOP": "7º BPM", "MUNICIPIO": "SANTO ANTONIO DO MONTE"},
  {"UEOP": "23º BPM", "MUNICIPIO": "SAO GONCALO DO PARA"},
  {"UEOP": "19ª CIA PM IND", "MUNICIPIO": "SAO JOSE DA VARGINHA"},
  {"UEOP": "63º BPM", "MUNICIPIO": "SAO SEBASTIAO DO OESTE"},
  {"UEOP": "7º BPM", "MUNICIPIO": "SERRA DA SAUDADE"},
  {"UEOP": "63º BPM", "MUNICIPIO": "TAPIRAI"},
  {"UEOP": "OUTRA", "MUNICIPIO": "OUTRA"}
]
